<?xml version="1.0" encoding="UTF-8"?>
<!DOCTYPE mapper PUBLIC "-//mybatis.org//DTD Mapper 3.0//EN" "http://mybatis.org/dtd/mybatis-3-mapper.dtd">
<mapper namespace="com.example.seckill.mapper.GoodsMapper">

    <!-- 通用查询映射结果 -->
    <resultMap id="BaseResultMap" type="com.example.seckill.pojo.Goods">
        <id column="id" property="id" />
        <result column="goods_name" property="goodsName" />
        <result column="goods_title" property="goodsTitle" />
        <result column="goods_img" property="goodsImg" />
        <result column="goods_detail" property="goodsDetail" />
        <result column="goods_price" property="goodsPrice" />
        <result column="goods_stock" property="goodsStock" />
    </resultMap>

    <!-- 通用查询结果列 -->
    <sql id="Base_Column_List">
        id, goods_name, goods_title, goods_img, goods_detail, goods_price, goods_stock
    </sql>
    <!-- 获取商品列表 -->
    <select id="findGoodsVo" resultType="com.example.seckill.vo.GoodsVo">
        SELECT
            g.id,
            g.goods_name,
            g.goods_title,
            g.goods_img,
            g.goods_detail,
            g.goods_price,
            g.goods_stock,
            sg.seckill_price,
            sg.stock_count,
            sg.start_date,
            sg.end_date
        FROM
            t_goods g
                LEFT JOIN t_seckill_goods AS sg ON g.id = sg.goods_id
    </select>
    <select id="findGoodsVoByGoodsId" resultType="com.example.seckill.vo.GoodsVo">
        SELECT
            g.id,
            g.goods_name,
            g.goods_title,
            g.goods_img,
            g.goods_detail,
            g.goods_price,
            g.goods_stock,
            sg.seckill_price,
            sg.stock_count,
            sg.start_date,
            sg.end_date
        FROM
            t_goods g
                LEFT JOIN t_seckill_goods AS sg ON g.id = sg.goods_id
        WHERE
            g.id =#{goodsId}
    </select>
</mapper>
