<?xml version="1.0" encoding="UTF-8"?>
<!DOCTYPE mapper PUBLIC "-//mybatis.org//DTD Mapper 3.0//EN" "http://mybatis.org/dtd/mybatis-3-mapper.dtd">
<mapper namespace="com.example.seckill.mapper.OrderMapper">

    <!-- 通用查询映射结果 -->
    <resultMap id="BaseResultMap" type="com.example.seckill.pojo.Order">
        <id column="id" property="id" />
        <result column="user_id" property="userId" />
        <result column="goods_id" property="goodsId" />
        <result column="delivery_addr_id" property="deliveryAddrId" />
        <result column="goods_name" property="goodsName" />
        <result column="goods_count" property="goodsCount" />
        <result column="goods_price" property="goodsPrice" />
        <result column="order_channel" property="orderChannel" />
        <result column="status" property="status" />
        <result column="create_date" property="createDate" />
        <result column="pay_date" property="payDate" />
    </resultMap>

    <!-- 通用查询结果列 -->
    <sql id="Base_Column_List">
        id, user_id, goods_id, delivery_addr_id, goods_name, goods_count, goods_price, order_channel, status, create_date, pay_date
    </sql>

</mapper>
